,OverallPoF
0,0
1,1
2,0
3,1
4,1
5,1
6,0
7,1
8,1
9,0
10,0
11,0
12,1
13,0
14,1
15,1
16,1
17,1
18,0
19,1
20,0
21,0
22,1
23,0
24,1
25,0
26,0
27,1
28,0
29,1
30,0
31,1
32,1
33,0
34,1
35,0
36,0
37,0
38,1
39,0
40,1
41,0
42,0
43,0
44,0
45,0
46,1
47,0
48,0
49,1
50,1
51,1
52,1
53,0
54,0
55,0
56,1
57,1
58,0
59,0
60,1
61,1
62,1
63,0
64,0
65,1
66,0
67,0
68,1
69,0
70,0
71,1
72,0
73,1
74,1
75,0
76,1
77,0
78,0
79,0
80,1
81,1
82,1
83,1
84,1
85,0
86,0
87,1
88,1
89,0
90,1
91,1
92,1
93,1
94,1
95,1
96,1
97,1
98,1
99,0
100,1
101,0
102,0
103,0
104,1
105,1
106,1
107,1
108,0
109,0
110,0
111,1
112,0
113,1
114,1
115,1
116,0
117,0
118,1
119,0
120,0
121,1
122,0
123,1
124,1
125,1
126,1
127,1
128,1
129,0
130,0
131,0
132,1
133,1
134,1
135,0
136,0
137,0
138,0
139,1
140,0
141,0
142,1
143,1
144,1
145,0
146,0
147,0
148,1
149,1
150,0
151,1
152,1
153,1
154,1
155,0
156,1
157,0
158,1
159,1
160,1
161,0
162,0
163,1
164,0
165,1
166,0
167,0
168,0
169,1
170,1
171,0
172,1
173,1
174,0
175,0
176,1
177,1
178,1
179,0
180,0
181,0
182,1
183,0
184,0
185,1
186,1
187,1
188,1
189,1
190,0
191,1
192,1
193,1
194,1
195,0
196,0
197,0
198,0
199,0
200,1
201,0
202,1
203,1
204,1
205,0
206,1
207,1
208,0
209,1
210,0
211,1
212,0
213,1
214,0
215,1
216,1
217,1
218,1
219,1
220,1
221,1
222,1
223,0
224,0
225,0
226,0
227,0
228,0
229,1
230,1
231,1
232,1
233,0
234,0
235,1
236,0
237,1
238,1
239,0
240,0
241,0
242,0
243,1
244,1
245,1
246,0
247,0
248,0
249,1
250,1
251,1
252,0
253,0
254,1
255,0
256,1
257,1
258,0
259,1
260,1
261,1
262,1
263,1
264,0
265,1
266,1
267,0
268,1
269,0
270,0
271,1
272,1
273,1
274,1
275,0
276,0
277,0
278,0
279,1
280,1
281,1
282,1
283,0
284,1
285,1
286,1
287,1
288,0
289,1
290,1
291,1
292,0
293,0
294,1
295,1
296,0
297,1
298,1
299,1
300,1
301,0
302,1
303,0
304,0
305,1
306,1
307,1
308,1
309,0
310,1
311,0
312,1
313,0
314,1
315,0
316,1
317,1
318,0
319,0
320,1
321,1
322,0
323,0
324,1
325,0
326,0
327,0
328,1
329,0
330,0
331,1
332,1
333,0
334,1
335,0
336,1
337,0
338,0
339,0
340,0
341,0
342,0
343,0
344,1
345,0
346,1
347,0
348,0
349,1
350,1
351,1
352,1
353,0
354,0
355,0
356,0
357,1
358,0
359,1
360,1
361,1
362,1
363,1
364,0
365,0
366,0
367,0
368,1
369,0
370,0
371,1
372,0
373,1
374,0
375,0
376,1
377,0
378,0
379,1
380,1
381,0
382,1
383,0
384,1
385,1
386,1
387,0
388,0
389,1
390,1
391,0
392,0
393,0
394,0
395,0
396,1
397,1
398,1
399,0
400,1
401,0
402,1
403,0
404,1
405,0
406,1
407,1
408,0
409,0
410,1
411,0
412,1
413,0
414,1
415,1
416,1
417,0
418,1
419,0
420,1
421,1
422,1
423,0
424,1
425,1
426,0
427,1
428,0
429,1
430,0
431,1
432,0
433,1
434,0
435,1
436,1
437,1
438,1
439,1
440,0
441,1
442,1
443,1
444,0
445,0
446,1
447,1
448,0
449,1
450,0
451,0
452,1
453,0
454,0
455,1
456,1
457,0
458,0
459,0
460,1
461,1
462,1
463,1
464,0
465,1
466,0
467,1
468,0
469,1
470,1
471,0
472,0
473,0
474,0
475,1
476,1
477,1
478,0
479,1
480,1
481,0
482,1
483,1
484,1
485,1
486,0
487,0
488,1
489,1
490,0
491,1
492,0
493,0
494,0
495,1
496,0
497,0
498,1
499,0
500,0
501,1
502,0
503,0
504,1
505,0
506,1
507,0
508,0
509,0
510,0
511,1
512,0
513,0
514,1
515,0
516,1
517,0
518,0
519,0
520,1
521,0
522,1
523,0
524,1
525,0
526,0
527,1
528,1
529,0
530,1
531,1
532,1
533,0
534,0
535,1
536,0
537,1
538,1
539,1
540,1
541,1
542,0
543,0
544,1
545,1
546,1
547,0
548,0
549,1
550,0
551,0
552,1
553,1
554,1
555,1
556,0
557,0
558,0
559,1
560,0
561,0
562,1
563,1
564,1
565,1
566,0
567,0
568,0
569,1
570,0
571,1
572,1
573,1
574,0
575,0
576,0
577,0
578,0
579,0
580,0
581,1
582,0
583,1
584,1
585,0
586,1
587,1
588,0
589,1
590,1
591,0
592,0
593,0
594,0
595,0
596,1
597,1
598,0
599,1
600,0
601,1
602,0
603,0
604,0
605,0
606,0
607,0
608,1
609,0
610,0
611,1
612,1
613,1
614,1
615,0
616,0
617,0
618,1
619,0
620,0
621,0
622,0
623,0
624,0
625,1
626,1
627,0
628,0
629,0
630,0
631,1
632,0
633,1
634,1
635,0
636,1
637,0
638,1
639,0
640,0
641,0
642,0
643,1
644,1
645,0
646,1
647,0
648,1
649,1
650,1
651,0
652,0
653,0
654,0
655,0
656,0
657,0
658,1
659,1
660,1
661,0
662,1
663,1
664,0
665,1
666,0
667,0
668,1
669,0
670,1
671,0
672,0
673,0
674,1
675,0
676,0
677,1
678,0
679,0
680,0
681,1
682,0
683,1
684,1
685,0
686,1
687,1
688,1
689,1
690,0
691,1
692,0
693,0
694,1
695,0
696,1
697,0
698,1
699,1
700,1
701,1
702,1
703,1
704,0
705,0
706,1
707,1
708,0
709,0
710,1
711,1
712,0
713,0
714,1
715,0
716,1
717,1
718,1
719,0
720,1
721,1
722,1
723,1
724,1
725,1
726,0
727,1
728,0
729,1
730,0
731,1
732,0
733,1
734,1
735,1
736,1
737,1
738,0
739,1
740,0
741,0
742,1
743,1
744,1
745,0
746,0
747,0
748,0
749,0
750,0
751,0
752,1
753,0
754,1
755,1
756,1
757,0
758,1
759,1
760,0
761,0
762,0
763,0
764,0
765,0
766,0
767,0
768,1
769,0
770,0
771,1
772,0
773,0
774,1
775,1
776,0
777,0
778,1
779,0
780,0
781,1
782,1
783,1
784,0
785,0
786,1
787,1
788,1
789,1
790,1
791,0
792,0
793,1
794,1
795,1
796,1
797,1
798,1
799,0
800,0
801,1
802,0
803,0
804,1
805,0
806,0
807,0
808,0
809,1
810,1
811,0
812,0
813,1
814,1
815,0
816,0
817,1
818,0
819,1
820,1
821,1
822,1
823,1
824,0
825,0
826,0
827,1
828,0
829,0
830,0
831,0
832,1
833,0
834,1
835,1
836,1
837,0
838,0
839,1
840,1
841,0
842,0
843,0
844,0
845,0
846,1
847,1
848,1
849,1
850,0
851,1
852,1
853,1
854,0
855,0
856,1
857,0
858,1
859,1
860,0
861,1
862,0
863,0
864,0
865,0
866,0
867,0
868,1
869,1
870,1
871,0
872,1
873,0
874,0
875,0
876,1
877,1
878,1
879,1
880,1
881,0
882,1
883,1
884,1
885,0
886,1
887,0
888,0
889,1
890,0
891,0
892,1
893,1
894,1
895,0
896,1
897,0
898,0
899,0
900,1
901,1
902,1
903,1
904,1
905,1
906,1
907,0
908,1
909,0
910,1
911,1
912,0
913,0
914,1
915,1
916,0
917,0
918,0
919,1
920,0
921,0
922,0
923,0
924,1
925,0
926,0
927,1
928,1
929,1
930,0
931,0
932,0
933,1
934,0
935,0
936,0
937,1
938,0
939,0
940,1
941,0
942,1
943,1
944,1
945,0
946,1
947,1
948,0
949,1
950,0
951,1
952,0
953,0
954,1
955,0
956,1
957,0
958,0
959,1
960,1
961,1
962,1
963,0
964,1
965,0
966,1
967,0
968,1
969,0
970,0
971,1
972,0
973,1
974,1
975,0
976,0
977,0
978,0
979,1
980,1
981,0
982,1
983,0
984,1
985,0
986,1
987,1
988,0
989,1
990,1
991,0
992,1
993,1
994,0
995,1
996,0
997,0
998,0
999,0
1000,0
1001,0
1002,1
1003,0
1004,0
1005,1
1006,1
1007,0
1008,0
1009,1
1010,0
1011,0
1012,0
1013,0
1014,1
1015,0
1016,0
1017,0
1018,0
1019,0
1020,0
1021,1
1022,1
1023,1
1024,1
1025,0
1026,0
1027,1
1028,1
1029,1
1030,1
1031,1
1032,1
1033,0
1034,1
1035,1
1036,0
1037,0
1038,0
1039,1
1040,0
1041,0
1042,0
1043,1
1044,0
1045,0
1046,1
1047,0
1048,0
1049,1
1050,0
1051,0
1052,0
1053,0
1054,1
1055,0
1056,1
1057,1
1058,1
1059,1
1060,0
1061,0
1062,0
1063,1
1064,1
1065,0
1066,1
1067,1
1068,1
1069,0
1070,0
1071,1
1072,1
1073,0
1074,1
1075,1
1076,1
1077,0
1078,1
1079,0
1080,1
1081,1
1082,1
1083,1
1084,0
1085,1
1086,0
1087,0
1088,0
1089,1
1090,1
1091,0
1092,0
1093,1
1094,1
1095,0
1096,0
1097,0
1098,0
1099,1
1100,0
1101,0
1102,1
1103,1
1104,1
1105,0
1106,1
1107,1
1108,1
1109,1
1110,1
1111,1
1112,0
1113,0
1114,1
1115,0
1116,0
1117,0
1118,0
1119,1
1120,1
1121,0
1122,1
1123,1
1124,1
1125,0
1126,1
1127,0
1128,1
1129,1
1130,1
1131,1
1132,0
1133,1
1134,1
1135,1
1136,0
1137,0
1138,1
1139,0
1140,1
1141,1
1142,0
1143,1
1144,0
1145,0
1146,0
1147,0
1148,0
1149,1
1150,0
1151,0
1152,0
1153,1
1154,0
1155,1
1156,1
1157,0
1158,0
1159,1
1160,0
1161,1
1162,1
1163,1
1164,0
1165,0
1166,1
1167,1
1168,1
1169,1
1170,0
1171,1
1172,1
1173,1
1174,1
1175,0
1176,1
1177,1
1178,1
1179,1
1180,1
1181,0
1182,0
1183,0
1184,0
1185,0
1186,0
1187,1
1188,1
1189,0
1190,0
1191,0
1192,1
1193,1
1194,0
1195,0
1196,1
1197,0
1198,1
1199,0
1200,1
1201,0
1202,1
1203,1
1204,0
1205,0
1206,0
1207,1
1208,0
1209,1
1210,1
1211,1
1212,1
1213,1
1214,0
1215,1
1216,1
1217,1
1218,0
1219,1
1220,1
1221,0
1222,1
1223,0
1224,0
1225,0
1226,1
1227,1
1228,0
1229,1
1230,1
1231,0
1232,1
1233,1
1234,1
1235,1
1236,0
1237,1
1238,0
1239,1
1240,1
1241,1
1242,1
1243,1
1244,0
1245,0
1246,0
1247,1
1248,0
1249,1
1250,1
1251,1
1252,1
1253,1
1254,0
1255,1
1256,1
1257,0
1258,1
1259,1
1260,0
1261,1
1262,0
1263,1
1264,1
1265,0
1266,1
1267,0
1268,0
1269,1
1270,1
1271,1
1272,1
1273,1
1274,0
1275,0
1276,1
1277,1
1278,1
1279,1
1280,1
1281,1
1282,1
1283,0
1284,1
1285,0
1286,0
1287,0
1288,1
1289,0
1290,1
1291,1
1292,1
1293,0
1294,1
1295,1
1296,1
1297,0
1298,1
1299,0
1300,1
1301,0
1302,1
1303,1
1304,1
1305,0
1306,0
1307,0
1308,1
1309,1
1310,0
1311,0
1312,1
1313,0
1314,1
1315,1
1316,1
1317,1
1318,0
1319,1
1320,0
1321,1
1322,1
1323,0
1324,1
1325,1
1326,1
1327,0
1328,1
1329,0
1330,0
1331,1
1332,0
1333,0
1334,1
1335,1
1336,1
1337,1
1338,0
1339,1
1340,1
1341,0
1342,1
1343,1
1344,1
1345,1
1346,1
1347,1
1348,0
1349,1
1350,1
1351,0
1352,0
1353,0
1354,1
1355,1
1356,1
1357,0
1358,0
1359,1
1360,1
1361,1
1362,1
1363,0
1364,1
1365,1
1366,0
1367,1
1368,1
1369,1
1370,1
1371,1
1372,1
1373,0
1374,1
1375,1
1376,0
1377,1
1378,1
1379,1
1380,0
1381,1
1382,1
1383,1
1384,1
1385,0
1386,0
1387,1
1388,1
1389,1
1390,0
1391,0
1392,1
1393,0
1394,1
1395,1
1396,0
1397,1
1398,1
1399,1
1400,0
1401,1
1402,1
1403,1
1404,0
1405,0
1406,1
1407,0
1408,1
1409,1
1410,1
1411,1
1412,1
1413,0
1414,1
1415,0
1416,1
1417,1
1418,0
1419,0
1420,1
1421,0
1422,1
1423,0
1424,1
1425,1
1426,0
1427,1
1428,1
1429,0
1430,0
1431,0
1432,1
1433,1
1434,0
1435,0
1436,0
1437,1
1438,1
1439,1
1440,0
1441,0
1442,0
1443,1
1444,1
1445,0
1446,0
1447,0
1448,0
1449,0
1450,0
1451,0
1452,0
1453,1
1454,1
1455,0
1456,1
1457,1
1458,0
1459,1
1460,0
1461,0
1462,1
1463,1
1464,0
1465,0
1466,1
1467,0
1468,0
1469,0
1470,1
1471,0
1472,0
1473,0
1474,0
1475,0
1476,1
1477,0
1478,0
1479,0
1480,1
1481,1
1482,1
1483,0
1484,0
1485,0
1486,0
1487,0
1488,1
1489,1
1490,1
1491,0
1492,0
1493,0
1494,1
1495,0
1496,0
1497,1
1498,0
1499,1
1500,0
1501,1
1502,0
1503,1
1504,1
1505,0
1506,0
1507,1
1508,0
1509,0
1510,1
1511,1
1512,1
1513,1
1514,0
1515,1
1516,0
1517,0
1518,0
1519,1
1520,1
1521,0
1522,0
1523,1
1524,0
1525,0
1526,1
1527,0
1528,1
1529,1
1530,1
1531,0
1532,1
1533,1
1534,1
1535,0
1536,0
1537,0
1538,0
1539,1
1540,1
1541,0
1542,0
1543,1
1544,0
1545,0
1546,0
1547,1
1548,1
1549,1
1550,1
1551,1
1552,1
1553,1
1554,1
1555,1
1556,1
1557,0
1558,0
1559,0
1560,1
1561,1
1562,1
1563,0
1564,1
1565,1
1566,1
1567,0
1568,0
1569,0
1570,1
1571,1
1572,1
1573,0
1574,0
1575,0
1576,0
1577,0
1578,1
1579,0
1580,0
1581,1
1582,0
1583,1
1584,1
1585,0
1586,1
1587,1
1588,1
1589,1
1590,1
1591,1
1592,1
1593,0
1594,1
1595,1
1596,0
1597,1
1598,0
1599,0
1600,1
1601,1
1602,0
1603,1
1604,1
1605,1
1606,0
1607,0
1608,0
1609,1
1610,1
1611,0
1612,0
1613,1
1614,0
1615,1
1616,0
1617,0
1618,0
1619,1
1620,1
1621,0
1622,0
1623,1
1624,1
1625,0
1626,0
1627,1
1628,0
1629,1
1630,0
1631,0
1632,1
1633,0
1634,1
1635,0
1636,0
1637,0
1638,1
1639,0
1640,0
1641,0
1642,1
1643,0
1644,1
1645,0
1646,0
1647,1
1648,1
1649,1
1650,0
1651,1
1652,0
1653,0
1654,1
1655,0
1656,1
1657,0
1658,1
1659,0
1660,1
1661,0
1662,1
1663,0
1664,1
1665,1
1666,0
1667,0
1668,1
1669,1
1670,1
1671,1
1672,1
1673,1
1674,0
1675,1
1676,0
1677,1
1678,0
1679,1
1680,0
1681,1
1682,0
1683,0
1684,0
1685,0
1686,1
1687,0
1688,0
1689,0
1690,1
1691,1
1692,0
1693,0
1694,1
1695,1
1696,1
1697,1
1698,1
1699,1
1700,0
1701,1
1702,1
1703,1
1704,0
1705,1
1706,1
1707,0
1708,0
1709,1
1710,1
1711,0
1712,0
1713,0
1714,1
1715,1
1716,1
1717,0
1718,1
1719,1
1720,0
1721,1
1722,0
1723,0
1724,1
1725,1
1726,0
1727,0
1728,1
1729,1
1730,1
1731,1
1732,1
1733,1
1734,1
1735,0
1736,1
1737,1
1738,0
1739,0
1740,0
1741,0
1742,0
1743,1
1744,1
1745,0
1746,0
1747,0
1748,1
1749,1
1750,0
1751,0
1752,0
1753,1
1754,0
1755,1
1756,0
1757,1
1758,1
1759,1
1760,1
1761,1
1762,0
1763,1
1764,0
1765,0
1766,1
1767,0
1768,0
1769,1
1770,0
1771,0
1772,1
1773,1
1774,1
1775,0
1776,1
1777,1
1778,1
1779,1
1780,1
1781,1
1782,0
1783,1
1784,1
1785,0
1786,1
1787,1
1788,1
1789,1
1790,1
1791,1
1792,0
1793,1
1794,0
1795,0
1796,0
1797,1
1798,1
1799,0
1800,1
1801,1
1802,0
1803,1
1804,1
1805,1
1806,0
1807,0
1808,0
1809,0
1810,1
1811,1
1812,0
1813,0
1814,0
1815,1
1816,0
1817,1
1818,0
1819,1
1820,1
1821,0
1822,1
1823,0
1824,0
1825,1
1826,1
1827,0
1828,0
1829,1
1830,0
1831,1
1832,1
1833,0
1834,0
1835,0
1836,0
1837,0
1838,0
1839,1
1840,0
1841,1
1842,1
1843,0
1844,0
1845,1
1846,0
1847,0
1848,1
1849,0
1850,1
1851,1
1852,0
1853,0
1854,1
1855,1
1856,0
1857,0
1858,0
1859,0
1860,1
1861,0
1862,1
1863,1
1864,0
1865,0
1866,1
1867,0
1868,0
1869,0
1870,1
1871,1
1872,0
1873,0
1874,0
1875,1
1876,1
1877,0
1878,1
1879,1
1880,1
1881,0
1882,0
1883,0
1884,1
1885,1
1886,1
1887,0
1888,1
1889,0
1890,0
1891,1
1892,0
1893,0
1894,1
1895,0
1896,0
1897,1
1898,1
1899,1
1900,1
1901,1
1902,1
1903,1
1904,1
1905,1
1906,1
1907,1
1908,0
1909,1
1910,1
1911,0
1912,0
1913,0
1914,0
1915,1
1916,1
1917,0
1918,0
1919,0
1920,1
1921,1
1922,0
1923,0
1924,1
1925,1
1926,0
1927,1
1928,1
1929,1
1930,0
1931,1
1932,1
1933,1
1934,0
1935,1
1936,0
1937,1
1938,0
1939,0
1940,0
1941,0
1942,1
1943,1
1944,1
1945,1
1946,0
1947,0
1948,1
1949,1
1950,1
1951,0
1952,1
1953,0
1954,1
1955,0
1956,0
1957,0
1958,0
1959,1
1960,1
1961,0
1962,0
1963,1
1964,0
1965,1
1966,1
1967,0
1968,1
1969,1
1970,0
1971,1
1972,0
1973,1
1974,0
1975,1
1976,1
1977,1
1978,0
1979,0
1980,1
1981,1
1982,0
1983,0
1984,0
1985,0
1986,0
1987,0
1988,1
1989,1
1990,1
1991,0
1992,1
1993,0
1994,0
1995,1
1996,1
1997,1
1998,0
1999,0
2000,0
2001,0
2002,1
2003,0
2004,1
2005,1
2006,0
2007,0
2008,0
2009,0
2010,1
2011,0
2012,1
2013,1
2014,1
2015,1
2016,1
2017,1
2018,1
2019,1
2020,1
2021,0
2022,0
2023,0
2024,1
2025,0
2026,1
2027,1
2028,1
2029,1
2030,0
2031,1
2032,1
2033,1
2034,0
2035,1
2036,1
2037,0
2038,0
2039,0
2040,1
2041,0
2042,0
2043,0
2044,0
2045,1
2046,0
2047,1
2048,1
2049,1
2050,0
2051,0
2052,1
2053,0
2054,0
2055,0
2056,1
2057,0
2058,0
2059,0
2060,0
2061,0
2062,1
2063,0
2064,1
2065,0
2066,1
2067,0
2068,1
2069,0
2070,1
2071,0
2072,0
2073,1
2074,1
2075,0
2076,0
2077,1
2078,0
2079,1
2080,0
2081,1
2082,0
2083,0
2084,1
2085,0
2086,1
2087,1
2088,1
2089,1
2090,1
2091,0
2092,0
2093,0
2094,1
2095,1
2096,0
2097,1
2098,0
2099,0
2100,1
2101,0
2102,0
2103,0
2104,0
2105,0
2106,0
2107,0
2108,1
2109,1
2110,0
2111,1
2112,0
2113,1
2114,0
2115,0
2116,0
2117,1
2118,0
2119,1
2120,1
2121,1
2122,1
2123,1
2124,0
2125,1
2126,0
2127,0
2128,1
2129,1
2130,1
2131,1
2132,0
2133,1
2134,1
2135,1
2136,0
2137,1
2138,0
2139,1
2140,0
2141,1
2142,0
2143,0
2144,0
2145,1
2146,1
2147,1
2148,0
2149,1
2150,1
2151,1
2152,0
2153,0
2154,0
2155,1
2156,0
2157,1
2158,0
2159,1
2160,0
2161,0
2162,1
2163,0
2164,0
2165,0
2166,1
2167,0
2168,1
2169,1
2170,0
2171,0
2172,0
2173,1
2174,1
2175,1
2176,0
2177,0
2178,0
2179,1
2180,1
2181,0
2182,0
2183,1
2184,0
2185,0
2186,0
2187,1
2188,1
2189,0
2190,0
2191,0
2192,1
2193,0
2194,0
2195,1
2196,0
2197,0
2198,0
2199,1
2200,1
2201,1
2202,1
2203,0
2204,0
2205,0
2206,0
2207,1
2208,1
2209,0
2210,1
2211,1
2212,1
2213,0
2214,0
2215,0
2216,1
2217,0
2218,1
2219,1
2220,0
2221,0
2222,0
2223,1
2224,0
2225,0
2226,1
2227,0
2228,1
2229,1
2230,1
2231,1
2232,1
2233,1
2234,1
2235,0
2236,1
2237,1
2238,0
2239,1
2240,1
2241,0
2242,1
2243,0
2244,1
2245,0
2246,1
2247,1
2248,0
2249,1
2250,0
2251,1
2252,0
2253,1
2254,1
2255,1
2256,0
2257,1
2258,1
2259,0
2260,1
2261,1
2262,1
2263,1
2264,0
2265,0
2266,0
2267,1
2268,0
2269,0
2270,0
2271,0
2272,0
2273,0
2274,0
2275,1
2276,1
2277,0
2278,0
2279,1
2280,1
2281,1
2282,0
2283,0
2284,1
2285,0
2286,0
2287,1
2288,1
2289,1
2290,1
2291,0
2292,1
2293,0
2294,1
2295,0
2296,0
2297,1
2298,0
2299,1
2300,1
2301,1
2302,1
2303,0
2304,1
2305,0
2306,1
2307,1
2308,0
2309,0
2310,1
2311,0
2312,1
2313,0
2314,1
2315,0
2316,0
2317,1
2318,1
2319,1
2320,1
2321,0
2322,0
2323,0
2324,1
2325,1
2326,1
2327,1
2328,1
2329,1
2330,0
2331,0
2332,1
2333,1
2334,0
2335,1
2336,1
2337,1
2338,0
2339,0
2340,0
2341,0
2342,1
2343,0
2344,1
2345,0
2346,0
2347,1
2348,1
2349,0
2350,0
2351,1
2352,1
2353,0
2354,1
2355,1
2356,0
2357,0
2358,0
2359,1
2360,1
2361,1
2362,0
2363,0
2364,1
2365,0
2366,0
2367,1
2368,0
2369,0
2370,1
2371,0
2372,0
2373,0
2374,0
2375,1
2376,1
2377,1
2378,1
2379,1
2380,1
2381,1
2382,0
2383,0
2384,0
2385,0
2386,1
2387,0
2388,0
2389,1
2390,0
2391,1
2392,0
2393,1
2394,0
2395,0
2396,1
2397,0
2398,1
2399,1
2400,1
2401,0
2402,1
2403,1
2404,1
2405,1
2406,1
2407,1
2408,1
2409,1
2410,0
2411,0
2412,1
2413,0
2414,0
2415,1
2416,1
2417,0
2418,1
2419,1
2420,0
2421,0
2422,1
2423,1
2424,1
2425,0
2426,0
2427,1
2428,0
2429,1
2430,1
2431,0
2432,0
2433,1
2434,1
2435,0
2436,0
2437,1
2438,0
2439,1
2440,1
2441,0
2442,1
2443,0
2444,1
2445,1
2446,0
2447,1
2448,0
2449,1
2450,1
2451,0
2452,1
2453,1
2454,1
2455,1
2456,1
2457,0
2458,1
2459,1
2460,0
2461,1
2462,0
2463,0
2464,0
2465,1
2466,1
2467,0
2468,0
2469,1
2470,1
2471,1
2472,0
2473,1
2474,1
2475,1
2476,1
2477,0
2478,0
2479,1
2480,0
2481,0
2482,0
2483,0
2484,0
2485,0
2486,1
2487,0
2488,0
2489,0
2490,0
2491,0
2492,0
2493,0
2494,0
2495,0
2496,0
2497,1
2498,0
2499,0
2500,0
2501,0
2502,1
2503,1
2504,1
2505,1
2506,0
2507,1
2508,0
2509,1
2510,0
2511,0
2512,1
2513,1
2514,0
2515,1
2516,0
2517,0
2518,1
2519,0
2520,1
2521,0
2522,1
2523,0
2524,1
2525,0
2526,0
2527,1
2528,1
2529,1
2530,1
2531,0
2532,1
2533,0
2534,1
2535,0
2536,0
2537,1
2538,0
2539,1
2540,1
2541,1
2542,1
2543,0
2544,0
2545,0
2546,0
2547,0
2548,0
2549,1
2550,0
2551,1
2552,1
2553,1
2554,1
2555,1
2556,1
2557,1
2558,0
2559,1
2560,1
2561,0
2562,1
2563,1
2564,0
2565,1
2566,1
2567,1
2568,0
2569,1
2570,0
2571,0
2572,1
2573,1
2574,1
2575,1
2576,0
2577,0
2578,1
2579,0
2580,1
2581,1
2582,1
2583,0
2584,0
2585,0
2586,0
2587,1
2588,1
2589,1
2590,0
2591,1
2592,1
2593,0
2594,0
2595,0
2596,0
2597,1
2598,0
2599,1
2600,0
2601,0
2602,1
2603,0
2604,0
2605,1
2606,0
2607,1
2608,0
2609,0
2610,0
2611,0
2612,1
2613,1
2614,0
2615,0
2616,0
2617,0
2618,0
2619,0
2620,0
2621,0
2622,1
2623,0
2624,1
2625,1
2626,0
2627,1
2628,0
2629,1
2630,0
2631,0
2632,0
2633,0
2634,1
2635,1
2636,0
2637,1
2638,1
2639,0
2640,0
2641,1
2642,0
2643,1
2644,1
2645,1
2646,1
2647,1
2648,0
2649,0
2650,1
2651,1
2652,0
2653,1
2654,0
2655,0
2656,0
2657,1
2658,0
2659,1
2660,1
2661,1
2662,1
2663,0
2664,0
2665,0
2666,1
2667,1
2668,0
2669,0
2670,0
2671,1
2672,0
2673,0
2674,1
2675,1
2676,1
2677,0
2678,0
2679,0
2680,1
2681,0
2682,1
2683,1
2684,0
2685,0
2686,0
2687,0
2688,1
2689,0
2690,1
2691,1
2692,1
2693,1
2694,1
2695,1
2696,1
2697,0
2698,1
2699,0
2700,0
2701,0
2702,0
2703,1
2704,0
2705,0
2706,1
2707,1
2708,1
2709,1
2710,0
2711,0
2712,0
2713,1
2714,1
2715,0
2716,1
2717,1
2718,0
2719,0
2720,1
2721,0
2722,1
2723,0
2724,0
2725,1
2726,0
2727,1
2728,0
2729,1
2730,0
2731,1
2732,0
2733,0
2734,0
2735,0
2736,0
2737,0
2738,1
2739,0
2740,1
2741,1
2742,1
2743,1
2744,0
2745,1
2746,1
2747,1
2748,0
2749,1
2750,0
2751,0
2752,0
2753,0
2754,0
2755,1
2756,1
2757,0
2758,1
2759,0
2760,1
2761,1
2762,1
2763,0
2764,1
2765,0
2766,1
2767,0
2768,0
2769,1
2770,1
2771,1
2772,1
2773,0
2774,0
2775,1
2776,1
2777,0
2778,1
2779,1
2780,0
2781,0
2782,0
2783,1
2784,1
2785,0
2786,0
2787,0
2788,1
2789,1
2790,1
2791,0
2792,1
2793,0
2794,1
2795,1
2796,1
2797,0
2798,1
2799,0
2800,0
2801,1
2802,1
2803,1
2804,1
2805,1
2806,1
2807,1
2808,1
2809,1
2810,1
2811,0
2812,0
2813,1
2814,0
2815,1
2816,1
2817,1
2818,1
2819,1
2820,1
2821,1
2822,1
2823,1
2824,0
2825,1
2826,1
2827,0
2828,0
2829,1
2830,0
2831,1
2832,1
2833,0
2834,1
2835,0
2836,1
2837,0
2838,1
2839,1
2840,1
2841,0
2842,1
2843,1
2844,1
2845,1
2846,1
2847,1
2848,1
2849,0
2850,1
2851,0
2852,0
2853,0
2854,0
2855,0
2856,0
2857,0
2858,0
2859,0
2860,1
2861,0
2862,1
2863,1
2864,1
2865,1
2866,0
2867,1
2868,0
2869,0
2870,0
2871,1
2872,1
2873,1
2874,0
2875,0
2876,1
2877,1
2878,0
2879,0
2880,1
2881,0
2882,0
2883,0
2884,0
2885,1
2886,0
2887,0
2888,0
2889,0
2890,0
2891,0
2892,1
2893,1
2894,0
2895,1
2896,0
2897,0
2898,1
2899,1
2900,1
2901,1
2902,0
2903,1
2904,1
2905,1
2906,1
2907,0
2908,1
2909,1
2910,0
2911,0
2912,1
2913,1
2914,0
2915,0
2916,0
2917,0
2918,1
2919,0
2920,1
2921,0
2922,0
2923,1
2924,0
2925,0
2926,0
2927,1
2928,0
2929,1
2930,0
2931,1
2932,1
2933,1
2934,0
2935,0
2936,1
2937,1
2938,0
2939,1
2940,1
2941,1
2942,1
2943,1
2944,1
2945,1
2946,0
2947,0
2948,0
2949,1
2950,1
2951,1
2952,1
2953,0
2954,0
2955,1
2956,1
2957,1
2958,1
2959,1
2960,1
2961,0
2962,0
2963,0
2964,0
2965,1
2966,0
2967,0
2968,0
2969,0
2970,0
2971,1
2972,0
2973,1
2974,0
2975,0
2976,1
2977,0
2978,0
2979,0
2980,1
2981,1
2982,1
2983,0
2984,1
2985,1
2986,1
2987,1
2988,1
2989,1
2990,1
2991,0
2992,0
2993,0
2994,1
2995,1
2996,1
2997,1
2998,1
2999,0
3000,0
3001,0
3002,1
3003,1
3004,0
3005,1
3006,1
3007,1
3008,1
3009,0
3010,1
3011,1
3012,0
3013,1
3014,0
3015,1
3016,1
3017,0
3018,1
3019,0
3020,1
3021,0
3022,0
3023,1
3024,0
3025,1
3026,0
3027,1
3028,0
3029,1
3030,1
3031,1
3032,0
3033,1
3034,0
3035,0
3036,0
3037,0
3038,1
3039,1
3040,0
3041,0
3042,1
3043,1
3044,1
3045,0
3046,0
3047,1
3048,1
3049,0
3050,1
3051,1
3052,0
3053,0
3054,1
3055,0
3056,0
3057,0
3058,0
3059,1
3060,0
3061,1
3062,1
3063,1
3064,1
3065,1
3066,0
3067,1
3068,0
3069,0
3070,0
3071,0
3072,0
3073,1
3074,0
3075,1
3076,1
3077,0
3078,1
3079,0
3080,1
3081,1
3082,0
3083,0
3084,1
3085,1
3086,0
3087,1
3088,0
3089,1
3090,1
3091,0
3092,1
3093,1
3094,1
3095,0
3096,0
3097,1
3098,1
3099,0
3100,0
3101,1
3102,1
3103,1
3104,1
3105,0
3106,1
3107,0
3108,1
3109,1
3110,0
3111,1
3112,1
3113,0
3114,0
3115,0
3116,1
3117,0
3118,1
3119,0
3120,1
3121,0
3122,1
3123,1
3124,0
3125,1
3126,0
3127,0
3128,0
3129,0
3130,0
3131,1
3132,1
3133,0
3134,1
3135,1
3136,0
3137,1
3138,1
3139,0
3140,0
3141,0
3142,1
3143,0
3144,0
3145,0
3146,0
3147,0
3148,0
3149,0
3150,1
3151,0
3152,0
3153,0
3154,0
3155,0
3156,1
3157,0
3158,0
3159,0
3160,1
3161,0
3162,1
3163,1
3164,1
3165,0
3166,0
3167,1
3168,1
3169,1
3170,0
3171,1
3172,1
3173,0
3174,0
3175,1
3176,0
3177,0
3178,0
3179,0
3180,0
3181,0
3182,1
3183,1
3184,0
3185,0
3186,0
3187,1
3188,1
3189,1
3190,0
3191,1
3192,0
3193,1
3194,0
3195,1
3196,1
3197,1
3198,0
3199,0
3200,1
3201,0
3202,0
3203,1
3204,0
3205,1
3206,1
3207,1
3208,1
3209,1
3210,0
3211,1
3212,1
3213,1
3214,0
3215,1
3216,1
3217,0
3218,0
3219,1
3220,1
3221,0
3222,1
3223,0
3224,1
3225,1
3226,1
3227,1
3228,1
3229,0
3230,1
3231,1
3232,0
3233,1
3234,1
3235,0
3236,1
3237,1
3238,1
3239,1
3240,0
3241,1
3242,0
3243,0
3244,0
3245,0
3246,1
3247,1
3248,0
3249,0
3250,1
3251,0
3252,0
3253,0
3254,1
3255,1
3256,1
3257,1
3258,0
3259,1
3260,1
3261,1
3262,0
3263,1
3264,1
3265,0
3266,0
3267,0
3268,1
3269,0
3270,0
3271,1
3272,1
3273,1
3274,1
3275,0
3276,1
3277,1
3278,1
3279,0
3280,0
3281,1
3282,0
3283,1
3284,1
3285,1
3286,0
3287,0
3288,0
3289,1
3290,1
3291,1
3292,0
3293,1
3294,1
3295,0
3296,1
3297,0
3298,1
3299,0
3300,1
3301,1
3302,0
3303,1
3304,1
3305,0
3306,0
3307,1
3308,1
3309,0
3310,1
3311,1
3312,1
3313,0
3314,1
3315,1
3316,0
3317,1
3318,0
3319,0
3320,1
3321,0
3322,1
3323,1
3324,1
3325,0
3326,1
3327,1
3328,1
3329,1
3330,0
3331,1
3332,0
3333,0
3334,1
3335,1
3336,0
3337,1
3338,0
3339,0
3340,1
3341,1
3342,1
3343,1
3344,1
3345,1
3346,1
3347,0
3348,1
3349,1
3350,0
3351,1
3352,1
3353,1
3354,1
3355,0
3356,0
3357,1
3358,1
3359,1
3360,1
3361,0
3362,0
3363,1
3364,0
3365,0
3366,1
3367,1
3368,1
3369,0
3370,1
3371,0
3372,1
3373,1
3374,1
3375,0
3376,1
3377,0
3378,0
3379,0
3380,0
3381,1
3382,1
3383,1
3384,1
3385,1
3386,1
3387,1
3388,1
3389,1
3390,1
3391,1
3392,1
3393,0
3394,0
3395,1
3396,0
3397,1
3398,1
3399,0
3400,1
3401,1
3402,1
3403,0
3404,1
3405,1
3406,0
3407,0
3408,0
3409,0
3410,1
3411,1
3412,1
3413,0
3414,0
3415,1
3416,1
3417,0
3418,1
3419,0
3420,0
3421,0
3422,1
3423,1
3424,1
3425,1
3426,1
3427,1
3428,1
3429,1
3430,1
3431,1
3432,0
3433,0
3434,0
3435,0
3436,1
3437,1
3438,1
3439,0
3440,0
3441,1
3442,0
3443,1
3444,0
3445,1
3446,1
3447,0
3448,0
3449,1
3450,0
3451,0
3452,1
3453,0
3454,1
3455,0
3456,0
3457,1
3458,1
3459,0
3460,1
3461,0
3462,1
3463,0
3464,0
3465,1
3466,1
3467,0
3468,1
3469,1
3470,1
3471,1
3472,1
3473,0
3474,0
3475,1
3476,1
3477,0
3478,1
3479,1
3480,1
3481,0
3482,0
3483,0
3484,1
3485,1
3486,1
3487,0
3488,1
3489,0
3490,0
3491,1
3492,1
3493,1
3494,1
3495,1
3496,0
3497,0
3498,1
3499,1
3500,0
3501,1
3502,0
3503,0
3504,0
3505,1
3506,0
3507,0
3508,0
3509,1
3510,1
3511,0
3512,0
3513,1
3514,1
3515,1
3516,0
3517,1
3518,1
3519,1
3520,0
3521,1
3522,1
3523,1
3524,1
3525,1
3526,0
3527,1
3528,1
3529,1
3530,1
3531,0
3532,1
3533,0
3534,0
3535,0
3536,0
3537,0
3538,1
3539,1
3540,1
3541,0
3542,0
3543,1
3544,1
3545,1
3546,0
3547,0
3548,1
3549,1
3550,1
3551,1
3552,0
3553,0
3554,1
3555,0
3556,1
3557,1
3558,1
3559,0
3560,1
3561,1
3562,0
3563,1
3564,0
3565,0
3566,1
3567,0
3568,0
3569,0
3570,1
3571,0
3572,0
3573,1
3574,1
3575,1
3576,1
3577,0
3578,0
3579,0
3580,1
3581,1
3582,0
3583,1
3584,1
3585,1
3586,1
3587,1
3588,0
3589,0
3590,0
3591,0
3592,1
3593,1
3594,1
3595,0
3596,1
3597,1
3598,1
3599,1
3600,0
3601,0
3602,1
3603,0
3604,1
3605,1
3606,1
3607,0
3608,0
3609,0
3610,1
3611,0
3612,0
3613,0
3614,1
3615,1
3616,0
3617,0
3618,1
3619,1
3620,1
3621,0
3622,1
3623,1
3624,0
3625,1
3626,1
3627,0
3628,1
3629,1
3630,0
3631,1
3632,1
3633,0
3634,1
3635,1
3636,1
3637,0
3638,1
3639,1
3640,1
3641,1
3642,0
3643,1
3644,1
3645,0
3646,1
3647,1
3648,1
3649,1
3650,0
3651,1
3652,0
3653,1
3654,1
3655,0
3656,0
3657,1
3658,0
3659,0
3660,0
3661,0
3662,1
3663,1
3664,0
3665,0
3666,0
3667,1
3668,0
3669,0
3670,0
3671,1
3672,0
3673,1
3674,1
3675,1
3676,1
3677,0
3678,1
3679,0
3680,1
3681,1
3682,0
3683,0
3684,0
3685,0
3686,1
3687,0
3688,0
3689,1
3690,0
3691,1
3692,1
3693,1
3694,0
3695,0
3696,1
3697,0
3698,1
3699,0
3700,1
3701,0
3702,1
3703,1
3704,1
3705,0
3706,1
3707,0
3708,1
3709,1
3710,1
3711,0
3712,0
3713,1
3714,0
3715,0
3716,0
3717,0
3718,1
3719,1
3720,0
3721,0
3722,0
3723,1
3724,0
3725,1
3726,0
3727,0
3728,1
3729,0
3730,1
3731,0
3732,1
3733,1
3734,0
3735,0
3736,1
3737,0
3738,0
3739,1
3740,1
3741,0
3742,0
3743,0
3744,0
3745,1
3746,1
3747,0
3748,0
3749,1
3750,1
3751,1
3752,0
3753,0
3754,1
3755,1
3756,0
3757,0
3758,0
3759,1
3760,1
3761,1
3762,0
3763,0
3764,1
3765,0
3766,1
3767,1
3768,0
3769,1
3770,0
3771,1
3772,0
3773,1
3774,0
3775,1
3776,0
3777,0
3778,0
3779,1
3780,0
3781,0
3782,1
3783,1
3784,1
3785,1
3786,1
3787,0
3788,0
3789,1
3790,0
3791,1
3792,1
3793,0
3794,0
3795,1
3796,0
3797,1
3798,1
3799,1
3800,1
3801,1
3802,0
3803,0
3804,1
3805,0
3806,1
3807,1
3808,0
3809,1
3810,1
3811,1
3812,1
3813,1
3814,1
3815,1
3816,0
3817,0
3818,0
3819,1
3820,0
3821,0
3822,1
3823,1
3824,1
3825,1
3826,1
3827,1
3828,0
3829,1
3830,0
3831,1
3832,0
3833,1
3834,1
3835,1
3836,0
3837,1
3838,1
3839,0
3840,1
3841,0
3842,1
3843,0
3844,1
3845,0
3846,0
3847,0
3848,1
3849,0
3850,1
3851,1
3852,0
3853,0
3854,1
3855,0
3856,1
3857,0
3858,1
3859,1
3860,0
3861,0
3862,0
3863,1
3864,1
3865,0
3866,0
3867,0
3868,1
3869,0
3870,0
3871,1
3872,1
3873,0
3874,1
3875,0
3876,1
3877,1
3878,1
3879,0
3880,1
3881,0
3882,0
3883,1
3884,1
3885,0
3886,0
3887,0
3888,0
3889,1
3890,0
3891,1
3892,1
3893,1
3894,1
3895,0
3896,0
3897,0
3898,0
3899,1
3900,0
3901,0
3902,1
3903,0
3904,1
3905,0
3906,1
3907,1
3908,0
3909,1
3910,0
3911,1
3912,1
3913,1
3914,0
3915,1
3916,0
3917,0
3918,1
3919,0
3920,1
3921,1
3922,0
3923,1
3924,0
3925,1
3926,0
3927,0
3928,1
3929,0
3930,1
3931,0
3932,0
3933,1
3934,0
3935,1
3936,1
3937,1
3938,0
3939,0
3940,0
3941,0
3942,0
3943,1
3944,0
3945,0
3946,0
3947,0
3948,0
3949,1
3950,0
3951,1
3952,0
3953,0
3954,1
3955,0
3956,0
3957,1
3958,1
3959,0
3960,0
3961,1
3962,1
3963,0
3964,1
3965,1
3966,0
3967,1
3968,1
3969,1
3970,1
3971,0
3972,1
3973,1
3974,0
3975,0
3976,0
3977,1
3978,1
3979,0
3980,0
3981,1
3982,0
3983,0
3984,0
3985,0
3986,0
3987,1
3988,0
3989,1
3990,0
3991,1
3992,1
3993,0
3994,0
3995,1
3996,1
3997,0
3998,1
3999,0
4000,0
4001,0
4002,1
4003,1
4004,1
4005,1
4006,0
4007,0
4008,0
4009,1
4010,1
4011,0
4012,1
4013,1
4014,0
4015,0
4016,0
4017,1
4018,0
4019,1
4020,1
4021,1
4022,0
4023,1
4024,1
4025,0
4026,0
4027,0
4028,0
4029,1
4030,0
4031,1
4032,1
4033,1
4034,1
4035,0
4036,1
4037,0
4038,1
4039,0
4040,0
4041,1
4042,1
4043,1
4044,0
4045,1
4046,0
4047,1
4048,0
4049,1
4050,0
4051,1
4052,1
4053,1
4054,1
4055,1
4056,1
4057,1
4058,1
4059,1
4060,1
4061,0
4062,0
4063,1
4064,0
4065,0
4066,1
4067,0
4068,1
4069,1
4070,1
4071,1
4072,0
4073,1
4074,1
4075,0
4076,0
4077,0
4078,1
4079,0
4080,0
4081,1
4082,0
4083,1
4084,0
4085,0
4086,0
4087,1
4088,1
4089,1
4090,0
4091,1
4092,1
4093,0
4094,0
4095,0
4096,1
4097,0
4098,0
4099,1
4100,0
4101,0
4102,0
4103,0
4104,1
4105,0
4106,1
4107,0
4108,0
4109,1
4110,1
4111,1
4112,0
4113,1
4114,1
4115,0
4116,1
4117,1
4118,0
4119,1
4120,1
4121,1
4122,0
4123,0
4124,1
4125,1
4126,0
4127,0
4128,1
4129,1
4130,0
4131,1
4132,0
4133,0
4134,1
4135,1
4136,0
4137,1
4138,1
4139,0
4140,1
4141,0
4142,0
4143,0
4144,1
4145,0
4146,0
4147,1
4148,1
4149,0
4150,0
4151,1
4152,1
4153,1
4154,0
4155,1
4156,1
4157,0
4158,1
4159,1
4160,1
4161,0
4162,0
4163,1
4164,1
4165,0
4166,0
4167,1
4168,1
4169,1
4170,1
4171,1
4172,1
4173,1
4174,1
4175,0
4176,1
4177,1
4178,0
4179,1
4180,0
4181,1
4182,1
4183,1
4184,0
4185,0
4186,1
4187,1
4188,0
4189,0
4190,1
4191,1
4192,0
4193,0
4194,1
4195,1
4196,0
4197,1
4198,1
4199,0
4200,1
4201,0
4202,0
4203,0
4204,0
4205,0
4206,1
4207,1
4208,1
4209,1
4210,1
4211,1
4212,0
4213,0
4214,0
4215,1
4216,0
4217,0
4218,1
4219,0
4220,0
4221,1
4222,1
4223,0
4224,1
4225,1
4226,0
4227,1
4228,0
4229,1
4230,0
4231,1
4232,0
4233,1
4234,1
4235,0
4236,1
4237,0
4238,1
4239,0
4240,1
4241,1
4242,1
4243,1
4244,0
4245,0
4246,0
4247,0
4248,0
4249,1
4250,1
4251,0
4252,0
4253,1
4254,1
4255,0
4256,0
4257,1
4258,1
4259,0
4260,0
4261,0
4262,0
4263,0
4264,0
4265,1
4266,1
4267,0
4268,1
4269,1
4270,0
4271,1
4272,0
4273,0
4274,0
4275,0
4276,1
4277,0
4278,0
4279,0
4280,0
4281,0
4282,0
4283,0
4284,0
4285,0
4286,0
4287,0
4288,1
4289,1
4290,0
4291,0
4292,0
4293,0
4294,1
4295,1
4296,0
4297,1
4298,0
4299,1
4300,1
4301,0
4302,1
4303,0
4304,1
4305,1
4306,0
4307,1
4308,1
4309,1
4310,1
4311,1
4312,0
4313,0
4314,0
4315,1
4316,0
4317,0
4318,0
4319,1
4320,0
4321,0
4322,0
4323,0
4324,0
4325,0
4326,0
4327,1
4328,1
4329,1
4330,1
4331,1
4332,1
4333,1
4334,0
4335,1
4336,1
4337,1
4338,0
4339,0
4340,1
4341,0
4342,1
4343,1
4344,0
4345,0
4346,0
4347,1
4348,1
4349,0
4350,0
4351,0
4352,1
4353,0
4354,1
4355,1
4356,0
4357,1
4358,1
4359,0
4360,1
4361,1
4362,1
4363,0
4364,1
4365,0
4366,0
4367,1
4368,1
4369,1
4370,0
4371,1
4372,0
4373,1
4374,1
4375,1
4376,0
4377,0
4378,1
4379,0
4380,0
4381,1
4382,1
4383,0
4384,0
4385,0
4386,0
4387,1
4388,0
4389,0
4390,1
4391,0
4392,0
4393,0
4394,1
4395,0
4396,0
4397,0
4398,1
4399,0
4400,0
4401,0
4402,1
4403,0
4404,0
4405,0
4406,1
4407,0
4408,0
4409,0
4410,1
4411,1
4412,1
4413,1
4414,0
4415,1
4416,1
4417,0
4418,0
4419,1
4420,1
4421,1
4422,1
4423,1
4424,0
4425,1
4426,0
4427,0
4428,1
4429,1
4430,1
4431,1
4432,0
4433,1
4434,1
4435,1
4436,0
4437,1
4438,0
4439,0
4440,1
4441,1
4442,1
4443,0
4444,1
4445,0
4446,0
4447,0
4448,0
4449,1
4450,1
4451,0
4452,0
4453,0
4454,1
4455,1
4456,1
4457,1
4458,0
4459,0
4460,1
4461,1
4462,1
4463,1
4464,1
4465,1
4466,0
4467,1
4468,0
4469,0
4470,1
4471,1
4472,1
4473,1
4474,1
4475,0
4476,1
4477,1
4478,0
4479,1
4480,1
4481,1
4482,0
4483,0
4484,0
4485,1
4486,0
4487,1
4488,0
4489,0
4490,0
4491,0
4492,1
4493,1
4494,0
4495,1
4496,0
4497,1
4498,1
4499,1
4500,1
4501,0
4502,1
4503,1
4504,1
4505,1
4506,1
4507,0
4508,0
4509,0
4510,1
4511,1
4512,0
4513,0
4514,1
4515,1
4516,0
4517,1
4518,0
4519,0
4520,0
4521,1
4522,0
4523,0
4524,1
4525,1
4526,0
4527,0
4528,0
4529,1
4530,0
4531,1
4532,0
4533,1
4534,0
4535,1
4536,1
4537,1
4538,1
4539,0
4540,1
4541,1
4542,1
4543,1
4544,1
4545,0
4546,1
4547,1
4548,1
4549,0
4550,1
4551,1
4552,1
4553,0
4554,1
4555,1
4556,1
4557,0
4558,1
4559,1
4560,1
4561,0
4562,1
4563,1
4564,1
4565,0
4566,1
4567,0
4568,0
4569,0
4570,0
4571,1
4572,0
4573,1
4574,1
4575,1
4576,0
4577,1
4578,1
4579,0
4580,0
4581,0
4582,0
4583,1
4584,0
4585,1
4586,1
4587,0
4588,0
4589,1
4590,0
4591,0
4592,1
4593,0
4594,0
4595,0
4596,0
4597,1
4598,1
4599,0
4600,1
4601,1
4602,1
4603,1
4604,0
4605,0
4606,0
4607,1
4608,0
4609,1
4610,1
4611,0
4612,0
4613,0
4614,0
4615,0
4616,0
4617,1
4618,0
4619,1
4620,0
4621,0
4622,0
4623,0
4624,1
4625,1
4626,0
4627,1
4628,0
4629,1
4630,1
4631,0
4632,1
4633,1
4634,0
4635,1
4636,0
4637,0
4638,0
4639,1
4640,0
4641,1
4642,0
4643,0
4644,0
4645,1
4646,1
4647,0
4648,0
4649,1
4650,1
4651,1
4652,1
4653,0
4654,1
4655,1
4656,0
4657,1
4658,0
4659,0
4660,0
4661,1
4662,1
4663,1
4664,0
4665,0
4666,0
4667,1
4668,1
4669,0
4670,1
4671,1
4672,1
4673,0
4674,0
4675,1
4676,1
4677,0
4678,1
4679,1
4680,1
4681,1
4682,0
4683,0
4684,0
4685,0
4686,1
4687,1
4688,1
4689,1
4690,1
4691,1
4692,1
4693,0
4694,0
4695,1
4696,1
4697,1
4698,0
4699,1
4700,1
4701,1
4702,1
4703,0
4704,0
4705,0
4706,0
4707,0
4708,1
4709,0
4710,0
4711,0
4712,1
4713,0
4714,1
4715,0
4716,0
4717,0
4718,0
4719,1
4720,0
4721,1
4722,1
4723,1
4724,1
4725,1
4726,0
4727,0
4728,1
4729,0
4730,0
4731,1
4732,1
4733,0
4734,0
4735,1
4736,0
4737,0
4738,1
4739,0
4740,0
4741,0
4742,0
4743,1
4744,0
4745,1
4746,0
4747,0
4748,0
4749,1
4750,1
4751,1
4752,1
4753,1
4754,1
4755,0
4756,1
4757,1
4758,1
4759,1
4760,1
4761,0
4762,0
4763,1
4764,0
4765,1
4766,0
4767,1
4768,0
4769,1
4770,0
4771,1
4772,0
4773,1
4774,1
4775,1
4776,0
4777,0
4778,0
4779,1
4780,0
4781,1
4782,0
4783,1
4784,0
4785,1
4786,0
4787,1
4788,0
4789,0
4790,1
4791,0
4792,1
4793,0
4794,1
4795,1
4796,0
4797,1
4798,1
4799,0
4800,1
4801,0
4802,0
4803,0
4804,1
4805,0
4806,1
4807,0
4808,0
4809,0
4810,1
4811,1
4812,0
4813,0
4814,1
4815,0
4816,0
4817,1
4818,0
4819,0
4820,1
4821,0
4822,1
4823,1
4824,1
4825,1
4826,1
4827,0
4828,0
4829,1
4830,1
4831,0
4832,0
4833,0
4834,1
4835,0
4836,1
4837,0
4838,0
4839,0
4840,0
4841,0
4842,1
4843,0
4844,1
4845,0
4846,1
4847,0
4848,0
4849,0
4850,0
4851,0
4852,0
4853,0
4854,0
4855,0
4856,1
4857,0
4858,1
4859,1
4860,1
4861,1
4862,0
4863,1
4864,0
4865,0
4866,1
4867,0
4868,0
4869,0
4870,1
4871,0
4872,1
4873,0
4874,1
4875,0
4876,1
4877,0
4878,1
4879,0
4880,0
4881,1
4882,0
4883,0
4884,1
4885,0
4886,1
4887,0
4888,0
4889,1
4890,1
4891,1
4892,1
4893,1
4894,1
4895,1
4896,1
4897,1
4898,0
4899,1
4900,1
4901,0
4902,0
4903,1
4904,0
4905,0
4906,0
4907,1
4908,1
4909,1
4910,0
4911,1
4912,1
4913,1
4914,1
4915,0
4916,0
4917,0
4918,0
4919,1
4920,0
4921,1
4922,0
4923,0
4924,1
4925,0
4926,0
4927,0
4928,1
4929,0
4930,0
4931,1
4932,0
4933,1
4934,1
4935,1
4936,0
4937,1
4938,1
4939,0
4940,1
4941,1
4942,0
4943,1
4944,1
4945,0
4946,1
4947,1
4948,1
4949,1
4950,1
4951,1
4952,0
4953,1
4954,1
4955,0
4956,1
4957,0
4958,0
4959,1
4960,1
4961,1
4962,0
4963,0
4964,1
4965,0
4966,1
4967,0
4968,1
4969,1
4970,0
4971,0
4972,1
4973,1
4974,1
4975,1
4976,1
4977,0
4978,0
4979,1
4980,0
4981,1
4982,1
4983,1
4984,1
4985,0
4986,0
4987,1
4988,0
4989,1
4990,1
4991,0
4992,1
4993,0
4994,1
4995,1
4996,0
4997,0
4998,1
4999,1
5000,1
5001,1
5002,1
5003,0
5004,0
5005,1
5006,1
5007,0
5008,0
5009,0
5010,1
5011,0
5012,1
5013,1
5014,0
5015,0
5016,1
5017,1
5018,0
5019,1
5020,0
5021,0
5022,1
5023,1
5024,1
5025,1
5026,1
5027,0
5028,0
5029,0
5030,1
5031,0
5032,1
5033,0
5034,0
5035,1
5036,0
5037,0
5038,0
5039,0
5040,1
5041,0
5042,0
5043,0
5044,0
5045,0
5046,0
5047,1
5048,1
5049,0
5050,0
5051,1
5052,0
5053,1
5054,1
5055,0
5056,1
5057,0
5058,0
5059,0
5060,1
5061,0
5062,1
5063,1
5064,1
5065,1
5066,0
5067,0
5068,0
5069,0
5070,1
5071,0
5072,1
5073,0
5074,1
5075,1
5076,0
5077,1
5078,1
5079,0
5080,0
5081,1
5082,1
5083,1
5084,0
5085,1
5086,0
5087,0
5088,0
5089,1
5090,0
5091,1
5092,1
5093,0
5094,1
5095,0
5096,1
5097,1
5098,1
5099,0
5100,1
5101,0
5102,1
5103,1
5104,1
5105,1
5106,1
5107,0
5108,0
5109,0
5110,0
5111,0
5112,1
5113,1
5114,0
5115,0
5116,0
5117,1
5118,1
5119,0
5120,1
5121,0
5122,1
5123,1
5124,1
5125,1
5126,1
5127,0
5128,0
5129,1
5130,0
5131,1
5132,1
5133,0
5134,0
5135,0
5136,0
5137,1
5138,1
5139,1
5140,0
5141,1
5142,1
5143,1
5144,0
5145,0
5146,0
5147,1
5148,1
5149,0
5150,0
5151,0
5152,1
5153,1
5154,1
5155,1
5156,0
5157,0
5158,0
5159,0
5160,1
5161,1
5162,1
5163,1
5164,1
5165,1
5166,0
5167,1
5168,0
5169,1
5170,0
5171,1
5172,0
5173,0
5174,1
5175,0
5176,1
5177,1
5178,1
5179,1
5180,1
5181,1
5182,1
5183,1
5184,0
5185,1
5186,0
5187,1
5188,0
5189,1
5190,1
5191,1
5192,0
5193,0
5194,1
5195,1
5196,1
5197,0
5198,0
5199,0
5200,0
5201,0
5202,0
5203,0
5204,0
5205,1
5206,1
5207,1
5208,0
5209,0
5210,1
5211,1
5212,1
5213,0
5214,1
5215,0
5216,1
5217,1
5218,1
5219,1
5220,1
5221,0
5222,0
5223,0
5224,1
5225,0
5226,0
5227,1
5228,0
5229,0
5230,1
5231,1
5232,1
5233,0
5234,0
5235,0
5236,1
5237,0
5238,1
5239,0
5240,0
5241,1
5242,0
5243,1
5244,0
5245,0
5246,1
5247,1
5248,1
5249,1
5250,1
5251,0
5252,1
5253,1
5254,1
5255,0
5256,1
5257,1
5258,0
5259,0
5260,0
5261,1
5262,0
5263,1
5264,0
5265,0
5266,0
5267,0
5268,0
5269,0
5270,0
5271,1
5272,0
5273,1
5274,1
5275,0
5276,0
5277,1
5278,1
5279,1
5280,0
5281,0
5282,1
5283,1
5284,0
5285,1
5286,0
5287,1
5288,0
5289,0
5290,1
5291,1
5292,1
5293,0
5294,1
5295,1
5296,1
5297,1
5298,1
5299,0
5300,1
5301,0
5302,0
5303,0
5304,1
5305,0
5306,0
5307,1
5308,1
5309,0
5310,1
5311,0
5312,0
5313,0
5314,1
5315,0
5316,0
5317,0
5318,1
5319,0
5320,1
5321,1
5322,1
5323,0
5324,1
5325,0
5326,0
5327,1
5328,1
5329,1
5330,0
5331,1
5332,1
5333,0
5334,0
5335,1
5336,1
5337,1
5338,1
5339,1
5340,0
5341,1
5342,1
5343,0
5344,0
5345,0
5346,1
5347,1
5348,1
5349,1
5350,1
5351,0
5352,1
5353,0
5354,0
5355,1
5356,0
5357,1
5358,0
5359,0
5360,0
5361,1
5362,1
5363,1
5364,0
5365,0
5366,1
5367,1
5368,0
5369,0
5370,0
5371,1
5372,1
5373,0
5374,1
5375,1
5376,1
5377,1
5378,1
5379,1
5380,1
5381,1
5382,0
5383,0
5384,0
5385,1
5386,1
5387,0
5388,0
5389,1
5390,0
5391,0
5392,0
5393,1
5394,0
5395,1
5396,1
5397,0
5398,0
5399,0
5400,1
5401,1
5402,1
5403,1
5404,0
5405,0
5406,1
5407,0
5408,0
5409,0
5410,1
5411,1
5412,0
5413,1
5414,1
5415,1
5416,0
5417,1
5418,0
5419,0
5420,0
5421,0
5422,0
5423,0
5424,0
5425,0
5426,0
5427,1
5428,0
5429,1
5430,0
5431,1
5432,0
5433,0
5434,1
5435,1
5436,1
5437,1
5438,1
5439,0
5440,1
5441,1
5442,0
5443,0
5444,0
5445,0
5446,1
5447,0
5448,1
5449,1
5450,0
5451,0
5452,0
5453,1
5454,0
5455,0
5456,1
5457,1
5458,0
5459,1
5460,1
5461,1
5462,1
5463,0
5464,0
5465,0
5466,0
5467,1
5468,1
5469,1
5470,1
5471,1
5472,0
5473,1
5474,0
5475,1
5476,0
5477,1
5478,1
5479,1
5480,0
5481,0
5482,1
5483,1
5484,0
5485,0
5486,1
5487,1
5488,1
5489,0
5490,1
5491,0
5492,0
5493,0
5494,1
5495,1
5496,0
5497,1
5498,1
5499,1
5500,1
5501,1
5502,1
5503,0
5504,1
5505,1
5506,1
5507,0
5508,1
5509,1
5510,0
5511,1
5512,1
5513,0
5514,0
5515,1
5516,1
5517,1
5518,1
5519,1
5520,1
5521,0
5522,1
5523,0
5524,1
5525,1
5526,1
5527,1
5528,0
5529,0
5530,0
5531,1
5532,0
5533,1
5534,0
5535,1
5536,1
5537,1
5538,0
5539,0
5540,1
5541,1
5542,1
5543,0
5544,1
5545,1
5546,1
5547,0
5548,1
5549,0
5550,0
5551,1
5552,0
5553,1
5554,0
5555,1
5556,1
5557,1
5558,1
5559,1
5560,1
5561,1
5562,1
5563,0
5564,1
5565,1
5566,1
5567,0
5568,0
5569,0
5570,0
5571,0
5572,0
5573,1
5574,1
5575,1
5576,0
5577,0
5578,0
5579,0
5580,0
5581,0
5582,1
5583,1
5584,1
5585,0
5586,1
5587,1
5588,0
5589,1
5590,1
5591,1
5592,0
5593,0
5594,1
5595,1
5596,1
5597,0
5598,1
5599,0
5600,1
5601,0
5602,0
5603,0
5604,0
5605,0
5606,0
5607,1
5608,0
5609,0
5610,0
5611,0
5612,0
5613,0
5614,1
5615,0
5616,0
5617,1
5618,0
5619,1
5620,1
5621,0
5622,0
5623,1
5624,1
5625,0
5626,0
5627,0
5628,0
5629,0
5630,1
5631,0
5632,1
5633,0
5634,1
5635,1
5636,0
5637,1
5638,1
5639,0
5640,1
5641,0
5642,0
5643,0
5644,0
5645,1
5646,1
5647,0
5648,1
5649,1
5650,1
5651,0
5652,1
5653,0
5654,0
5655,1
5656,1
5657,1
5658,1
5659,0
5660,1
5661,1
5662,1
5663,0
5664,1
5665,0
5666,0
5667,1
5668,0
5669,1
5670,1
5671,0
5672,1
5673,0
5674,1
5675,1
5676,1
5677,1
5678,0
5679,0
5680,1
5681,1
5682,0
5683,0
5684,0
5685,1
5686,1
5687,1
5688,0
5689,0
5690,1
5691,0
5692,1
5693,1
5694,0
5695,0
5696,0
5697,0
5698,0
5699,1
5700,0
5701,0
5702,1
5703,0
5704,0
5705,0
5706,1
5707,1
5708,1
5709,0
5710,0
5711,0
5712,1
5713,1
5714,0
5715,0
5716,1
5717,0
5718,1
5719,0
5720,1
5721,0
5722,0
5723,0
5724,1
5725,1
5726,1
5727,0
5728,0
5729,1
5730,1
5731,1
5732,1
5733,0
5734,0
5735,0
5736,0
5737,1
5738,0
5739,0
5740,1
5741,0
5742,0
5743,1
5744,0
5745,0
5746,1
5747,1
5748,0
5749,0
5750,1
5751,1
5752,1
5753,0
5754,1
5755,1
5756,0
5757,1
5758,0
5759,1
5760,1
5761,1
5762,1
5763,1
5764,0
5765,0
5766,1
5767,1
5768,0
5769,0
5770,0
5771,1
5772,1
5773,0
5774,1
5775,1
5776,1
5777,1
5778,0
5779,0
5780,0
5781,1
5782,1
5783,1
5784,0
5785,1
5786,0
5787,1
5788,1
5789,1
5790,0
5791,0
5792,0
5793,1
5794,0
5795,0
5796,0
5797,1
5798,0
5799,1
5800,0
5801,1
5802,1
5803,0
5804,1
5805,0
5806,1
5807,1
5808,1
5809,1
5810,1
5811,1
5812,1
5813,1
5814,1
5815,0
5816,1
5817,0
5818,1
5819,0
5820,1
5821,0
5822,1
5823,0
5824,1
5825,1
5826,1
5827,0
5828,1
5829,0
5830,0
5831,1
5832,1
5833,1
5834,0
5835,0
5836,0
5837,0
5838,1
5839,1
5840,0
5841,1
5842,0
5843,1
5844,0
5845,1
5846,0
5847,1
5848,0
5849,1
5850,0
5851,1
5852,1
5853,0
5854,0
5855,1
5856,1
5857,1
5858,1
5859,0
5860,1
5861,1
5862,0
5863,0
5864,0
5865,1
5866,0
5867,1
5868,0
5869,1
5870,0
5871,0
5872,0
5873,0
5874,1
5875,1
5876,1
5877,1
5878,0
5879,1
5880,1
5881,1
5882,1
5883,1
5884,1
5885,0
5886,0
5887,0
5888,1
5889,1
5890,0
5891,1
5892,1
5893,1
5894,1
5895,0
5896,0
5897,0
5898,0
5899,1
5900,1
5901,1
5902,0
5903,0
5904,1
5905,0
5906,0
5907,1
5908,0
5909,1
5910,1
5911,1
5912,0
5913,0
5914,1
5915,1
5916,0
5917,0
5918,0
5919,1
5920,0
5921,1
5922,1
5923,1
5924,0
5925,1
5926,1
5927,1
5928,0
5929,0
5930,0
5931,1
5932,0
5933,0
5934,1
5935,1
5936,1
5937,1
5938,0
5939,0
5940,1
5941,1
5942,0
5943,1
5944,0
5945,0
5946,0
5947,0
5948,0
5949,0
5950,1
5951,0
5952,1
5953,0
5954,0
5955,1
5956,0
5957,0
5958,1
5959,1
5960,0
5961,0
5962,1
5963,1
5964,1
5965,0
5966,1
5967,0
5968,1
5969,0
5970,0
5971,0
5972,0
5973,1
5974,1
5975,1
5976,1
5977,0
5978,0
5979,0
5980,0
5981,0
5982,1
5983,1
5984,1
5985,1
5986,1
5987,1
5988,1
5989,1
5990,0
5991,1
5992,0
5993,1
5994,0
5995,1
5996,1
5997,1
5998,0
5999,0
6000,1
6001,0
6002,1
6003,1
6004,0
6005,1
6006,0
6007,1
6008,1
6009,0
6010,0
6011,0
6012,1
6013,0
6014,1
6015,0
6016,1
6017,0
6018,1
6019,0
6020,1
6021,0
6022,0
6023,1
6024,0
6025,0
6026,1
6027,1
6028,1
6029,0
6030,0
6031,1
6032,1
6033,0
6034,0
6035,0
6036,1
6037,0
6038,1
6039,0
6040,0
6041,1
6042,0
6043,1
6044,0
6045,0
6046,1
6047,1
6048,1
6049,1
6050,1
6051,1
6052,0
6053,0
6054,0
6055,1
6056,0
6057,0
6058,0
6059,1
6060,1
6061,1
6062,0
6063,0
6064,0
6065,1
6066,1
6067,1
6068,0
6069,0
6070,1
6071,0
6072,1
6073,0
6074,0
6075,0
6076,1
6077,0
6078,0
6079,0
6080,1
6081,1
6082,1
6083,0
6084,0
6085,1
6086,0
6087,1
6088,1
6089,0
6090,1
6091,0
6092,1
6093,1
6094,1
6095,0
6096,0
6097,0
6098,1
6099,1
6100,0
6101,1
6102,0
6103,0
6104,1
6105,0
6106,1
6107,0
6108,1
6109,0
6110,1
6111,0
6112,1
6113,1
6114,1
6115,1
6116,0
6117,0
6118,1
6119,1
6120,0
6121,0
6122,0
6123,0
6124,0
6125,1
6126,1
6127,1
6128,0
6129,1
6130,0
6131,1
6132,0
6133,0
6134,1
6135,0
6136,1
6137,1
6138,1
6139,1
6140,1
6141,0
6142,0
6143,0
6144,1
6145,1
6146,1
6147,0
6148,1
6149,0
6150,1
6151,0
6152,1
6153,1
6154,1
6155,1
6156,1
6157,1
6158,0
6159,0
6160,0
6161,1
6162,0
6163,0
6164,1
6165,0
6166,1
6167,0
6168,0
6169,0
6170,0
6171,1
6172,1
6173,1
6174,1
6175,1
6176,1
6177,0
6178,1
6179,1
6180,1
6181,0
6182,1
6183,1
6184,1
6185,1
6186,0
6187,0
6188,1
6189,1
6190,1
6191,1
6192,1
6193,1
6194,0
6195,0
6196,0
6197,0
6198,1
6199,1
6200,0
6201,0
6202,1
6203,1
6204,0
6205,1
6206,1
6207,0
6208,0
6209,1
6210,0
6211,1
6212,1
6213,0
6214,1
6215,1
6216,1
6217,1
6218,0
6219,0
6220,1
6221,0
6222,0
6223,0
6224,1
6225,1
6226,1
6227,1
6228,1
6229,0
6230,1
6231,1
6232,0
6233,0
6234,1
6235,0
6236,0
6237,1
6238,1
6239,0
6240,1
6241,1
6242,1
6243,1
6244,1
6245,1
6246,1
6247,0
6248,0
6249,1
6250,0
6251,1
6252,0
6253,0
6254,1
6255,0
6256,1
6257,0
6258,1
6259,0
6260,0
6261,0
6262,0
6263,1
6264,0
6265,1
6266,1
6267,1
6268,1
6269,1
6270,1
6271,0
6272,1
6273,0
6274,0
6275,1
6276,1
6277,1
6278,0
6279,1
6280,0
6281,0
6282,0
6283,0
6284,0
6285,0
6286,0
6287,1
6288,0
6289,0
6290,0
6291,0
6292,0
6293,0
6294,0
6295,1
6296,1
6297,1
6298,0
6299,0
6300,0
6301,1
6302,0
6303,1
6304,1
6305,0
6306,1
6307,1
6308,1
6309,0
6310,1
6311,1
6312,0
6313,1
6314,1
6315,0
6316,0
6317,1
6318,1
6319,0
6320,1
6321,0
6322,0
6323,1
6324,0
6325,1
6326,0
6327,1
6328,1
6329,0
6330,0
6331,0
6332,0
6333,1
6334,1
6335,0
6336,0
6337,1
6338,0
6339,0
6340,0
6341,0
6342,1
6343,1
6344,0
6345,1
6346,1
6347,1
6348,1
6349,0
6350,1
6351,1
6352,0
6353,1
6354,1
6355,1
6356,0
6357,1
6358,1
6359,0
6360,0
6361,1
6362,1
6363,1
6364,1
6365,1
6366,1
6367,1
6368,1
6369,1
6370,1
6371,1
6372,1
6373,0
6374,0
6375,1
6376,1
6377,0
6378,1
6379,0
6380,0
6381,0
6382,1
6383,1
6384,0
6385,1
6386,0
6387,1
6388,1
6389,0
6390,0
6391,1
6392,1
6393,0
6394,0
6395,0
6396,0
6397,1
6398,1
6399,0
6400,0
6401,1
6402,0
6403,1
6404,1
6405,1
6406,1
6407,1
6408,1
6409,1
6410,1
6411,1
6412,1
6413,0
6414,0
6415,0
6416,0
6417,0
6418,1
6419,0
6420,0
6421,0
6422,0
6423,1
6424,0
6425,0
6426,0
6427,1
6428,1
6429,0
6430,1
6431,0
6432,1
6433,1
6434,0
6435,0
6436,0
6437,1
6438,1
6439,1
6440,1
6441,1
6442,1
6443,1
6444,0
6445,1
6446,0
6447,1
6448,0
6449,0
6450,1
6451,1
6452,0
6453,1
6454,0
6455,1
6456,1
6457,0
6458,0
6459,1
6460,0
6461,0
6462,1
6463,0
6464,1
6465,1
6466,0
6467,1
6468,1
6469,0
6470,1
6471,0
6472,1
6473,0
6474,0
6475,0
6476,0
6477,0
6478,0
6479,1
6480,0
6481,1
6482,1
6483,0
6484,0
6485,1
6486,1
6487,1
6488,0
6489,1
6490,0
6491,0
6492,0
6493,1
6494,0
6495,0
6496,1
6497,0
6498,1
6499,1
6500,0
6501,0
6502,0
6503,0
6504,0
6505,0
6506,1
6507,0
6508,1
6509,1
6510,1
6511,1
6512,1
6513,1
6514,0
6515,0
6516,0
6517,0
6518,1
6519,0
6520,1
6521,0
6522,0
6523,1
6524,0
6525,1
6526,1
6527,1
6528,0
6529,1
6530,0
6531,0
6532,0
6533,0
6534,0
6535,1
6536,1
6537,0
6538,0
6539,0
6540,0
6541,0
6542,1
6543,1
6544,0
6545,0
6546,0
6547,1
6548,0
6549,0
6550,1
6551,1
6552,1
6553,1
6554,1
6555,1
6556,1
6557,0
6558,1
6559,1
6560,0
6561,1
6562,1
6563,0
6564,1
6565,0
6566,1
6567,0
6568,0
6569,0
6570,0
6571,1
6572,0
6573,0
6574,1
6575,1
6576,1
6577,0
6578,0
6579,1
6580,1
6581,1
6582,1
6583,1
6584,0
6585,0
6586,0
6587,0
6588,0
6589,0
6590,1
6591,0
6592,1
6593,1
6594,1
6595,1
6596,1
6597,0
6598,1
6599,0
6600,1
6601,1
6602,0
6603,0
6604,1
6605,1
6606,0
6607,0
6608,0
6609,1
6610,0
6611,0
6612,0
6613,1
6614,1
6615,0
6616,1
6617,0
6618,0
6619,0
6620,0
6621,1
6622,1
6623,1
6624,0
6625,1
6626,0
6627,1
6628,0
6629,0
6630,0
6631,1
6632,0
6633,0
6634,0
6635,1
6636,0
6637,1
6638,1
6639,0
6640,1
6641,0
6642,0
6643,0
6644,0
6645,1
6646,0
6647,0
6648,1
6649,0
6650,0
6651,0
6652,0
6653,0
6654,1
6655,0
6656,0
6657,1
6658,0
6659,0
6660,1
6661,1
6662,0
6663,0
6664,0
6665,0
6666,1
6667,0
6668,0
6669,0
6670,1
6671,0
6672,0
6673,0
6674,1
6675,0
6676,1
6677,1
6678,0
6679,0
6680,0
6681,0
6682,1
6683,0
6684,1
6685,0
6686,0
6687,0
6688,1
6689,1
6690,1
6691,1
6692,1
6693,0
6694,0
6695,0
6696,0
6697,0
6698,1
6699,1
6700,0
6701,0
6702,0
6703,1
6704,1
6705,0
6706,1
6707,0
6708,1
6709,0
6710,0
6711,0
6712,1
6713,1
6714,1
6715,0
6716,1
6717,1
6718,1
6719,0
6720,1
6721,0
6722,1
6723,0
6724,1
6725,1
6726,0
6727,0
6728,1
6729,1
6730,0
6731,1
6732,0
6733,0
6734,0
6735,1
6736,0
6737,0
6738,1
6739,1
6740,0
6741,1
6742,0
6743,1
6744,0
6745,1
6746,1
6747,1
6748,0
6749,1
6750,1
6751,1
6752,1
6753,1
6754,0
6755,1
6756,1
6757,0
6758,0
6759,1
6760,0
6761,0
6762,1
6763,0
6764,1
6765,1
6766,0
6767,0
6768,0
6769,0
6770,0
6771,1
6772,0
6773,1
6774,0
6775,1
6776,0
6777,0
6778,1
6779,0
6780,1
6781,0
6782,1
6783,1
6784,0
6785,0
6786,1
6787,0
6788,0
6789,0
6790,0
6791,1
6792,0
6793,1
6794,0
6795,1
6796,1
6797,0
6798,0
6799,0
6800,1
6801,0
6802,1
6803,0
6804,1
6805,0
6806,1
6807,0
6808,0
6809,0
6810,1
6811,1
6812,1
6813,0
6814,0
6815,0
6816,0
6817,0
6818,1
6819,0
6820,0
6821,0
6822,0
6823,0
6824,1
6825,0
6826,0
6827,0
6828,0
6829,0
6830,1
6831,1
6832,1
6833,1
6834,0
6835,0
6836,1
6837,1
6838,0
6839,0
6840,0
6841,0
6842,1
6843,1
6844,1
6845,1
6846,1
6847,1
6848,0
6849,1
6850,1
6851,1
6852,0
6853,1
6854,1
6855,0
6856,1
6857,1
6858,0
6859,0
6860,1
6861,1
6862,0
6863,0
6864,1
6865,0
6866,1
6867,0
6868,1
6869,1
6870,0
6871,0
6872,1
6873,0
6874,1
6875,0
6876,0
6877,0
6878,0
6879,0
6880,0
6881,0
6882,0
6883,1
6884,1
6885,1
6886,0
6887,0
6888,0
6889,1
6890,0
6891,1
6892,1
6893,1
6894,1
6895,0
6896,0
6897,1
6898,0
6899,0
6900,0
6901,0
6902,0
6903,1
6904,1
6905,0
6906,1
6907,1
6908,1
6909,1
6910,1
6911,0
6912,0
6913,0
6914,0
6915,1
6916,1
6917,0
6918,1
6919,1
6920,1
6921,0
6922,1
6923,0
6924,1
6925,1
6926,1
6927,1
6928,1
6929,0
6930,0
6931,1
6932,1
6933,1
6934,0
6935,1
6936,0
6937,0
6938,0
6939,1
6940,0
6941,0
6942,1
6943,0
6944,1
6945,1
6946,0
6947,0
6948,0
6949,0
6950,0
6951,1
6952,0
6953,0
6954,0
6955,1
6956,1
6957,1
6958,1
6959,1
6960,1
6961,0
6962,0
6963,1
6964,0
6965,1
6966,1
6967,1
6968,1
6969,1
6970,1
6971,1
6972,1
6973,0
6974,1
6975,1
6976,1
6977,0
6978,0
6979,0
6980,0
6981,0
6982,1
6983,1
6984,1
6985,1
6986,0
6987,0
6988,0
6989,1
6990,1
6991,1
6992,0
6993,1
6994,0
6995,1
6996,1
6997,0
6998,1
6999,1
7000,1
7001,1
7002,1
7003,1
7004,0
7005,1
7006,1
7007,0
7008,0
7009,0
7010,1
7011,1
7012,1
7013,0
7014,1
7015,1
7016,1
7017,1
7018,1
7019,0
7020,1
7021,1
7022,0
7023,1
7024,1
7025,0
7026,0
7027,0
7028,0
7029,1
7030,0
7031,0
7032,1
7033,0
7034,1
7035,0
7036,1
7037,1
7038,1
7039,0
7040,1
7041,1
7042,1
7043,1
7044,1
7045,1
7046,0
7047,1
7048,0
7049,1
7050,0
7051,1
7052,1
7053,1
7054,1
7055,1
7056,0
7057,1
7058,0
7059,0
7060,1
7061,0
7062,1
7063,1
7064,1
7065,1
7066,1
7067,1
7068,0
7069,1
7070,1
7071,0
7072,0
7073,1
7074,1
7075,0
7076,0
7077,0
7078,0
7079,0
7080,1
7081,1
7082,1
7083,1
7084,0
7085,1
7086,0
7087,0
7088,1
7089,1
7090,0
7091,1
7092,0
7093,1
7094,0
7095,0
7096,1
7097,0
7098,0
7099,0
7100,0
7101,0
7102,0
7103,0
7104,0
7105,1
7106,0
7107,0
7108,1
7109,0
7110,0
7111,1
7112,1
7113,1
7114,1
7115,1
7116,0
7117,0
7118,0
7119,0
7120,1
7121,1
7122,1
7123,0
7124,1
7125,0
7126,0
7127,1
7128,1
7129,1
7130,0
7131,1
7132,0
7133,1
7134,0
7135,1
7136,1
7137,1
7138,0
7139,0
7140,1
7141,1
7142,1
7143,1
7144,0
7145,0
7146,0
7147,1
7148,0
7149,0
7150,0
7151,1
7152,0
7153,1
7154,0
7155,0
7156,0
7157,0
7158,1
7159,0
7160,0
7161,0
7162,0
7163,1
7164,0
7165,0
7166,0
7167,1
7168,0
7169,1
7170,1
7171,1
7172,1
7173,1
7174,0
7175,0
7176,0
7177,0
7178,0
7179,1
7180,0
7181,0
7182,1
7183,0
7184,1
7185,0
7186,1
7187,0
7188,1
7189,0
7190,1
7191,0
7192,0
7193,1
7194,1
7195,1
7196,0
7197,1
7198,1
7199,0
7200,0
7201,0
7202,0
7203,1
7204,1
7205,0
7206,1
7207,1
7208,0
7209,1
7210,0
7211,1
7212,1
7213,0
7214,0
7215,0
7216,0
7217,0
7218,0
7219,0
7220,0
7221,1
7222,0
7223,1
7224,1
7225,0
7226,1
7227,1
7228,0
7229,0
7230,1
7231,0
7232,1
7233,1
7234,1
7235,1
7236,0
7237,0
7238,1
7239,0
7240,1
7241,1
7242,0
7243,1
7244,0
7245,1
7246,0
7247,0
7248,0
7249,0
7250,0
7251,0
7252,1
7253,1
7254,1
7255,1
7256,1
7257,1
7258,0
7259,0
7260,1
7261,0
7262,0
7263,1
7264,1
7265,0
7266,1
7267,1
7268,1
7269,0
7270,0
7271,0
7272,1
7273,0
7274,1
7275,0
7276,1
7277,0
7278,0
7279,1
7280,1
7281,1
7282,0
7283,1
7284,0
7285,0
7286,0
7287,1
7288,0
7289,0
7290,1
7291,0
7292,1
7293,0
7294,1
7295,0
7296,1
7297,0
7298,1
7299,1
7300,0
7301,0
7302,0
7303,1
7304,0
7305,0
7306,0
7307,0
7308,1
7309,0
7310,1
7311,0
7312,1
7313,0
7314,0
7315,0
7316,0
7317,0
7318,0
7319,0
7320,0
7321,1
7322,0
7323,1
7324,0
7325,1
7326,1
7327,1
7328,0
7329,0
7330,0
7331,0
7332,1
7333,0
7334,1
7335,0
7336,0
7337,1
7338,0
7339,1
7340,0
7341,1
7342,1
7343,1
7344,0
7345,1
7346,1
7347,0
7348,0
7349,1
7350,0
7351,1
7352,0
7353,0
7354,1
7355,1
7356,0
7357,1
7358,1
7359,0
7360,1
7361,0
7362,0
7363,1
7364,0
7365,1
7366,1
7367,0
7368,0
7369,0
7370,0
7371,1
7372,1
7373,0
7374,1
7375,1
7376,1
7377,0
7378,0
7379,0
7380,0
7381,1
7382,0
7383,1
7384,1
7385,0
7386,0
7387,0
7388,1
7389,0
7390,0
7391,1
7392,1
7393,1
7394,1
7395,0
7396,1
7397,0
7398,0
7399,1
7400,1
7401,0
7402,1
7403,0
7404,0
7405,0
7406,1
7407,0
7408,0
7409,1
7410,0
7411,0
7412,1
7413,1
7414,1
7415,0
7416,0
7417,0
7418,1
7419,1
7420,0
7421,1
7422,0
7423,1
7424,1
7425,1
7426,0
7427,1
7428,0
7429,1
7430,0
7431,1
7432,1
7433,0
7434,0
7435,0
7436,0
7437,1
7438,0
7439,0
7440,1
7441,0
7442,0
7443,1
7444,1
7445,1
7446,1
7447,1
7448,1
7449,0
7450,1
7451,1
7452,0
7453,0
7454,1
7455,1
7456,0
7457,0
7458,1
7459,1
7460,0
7461,1
7462,0
7463,0
7464,0
7465,0
7466,1
7467,1
7468,0
7469,1
7470,0
7471,1
7472,1
7473,1
7474,1
7475,1
7476,0
7477,1
7478,0
7479,0
7480,1
7481,1
7482,1
7483,1
7484,0
7485,0
7486,0
7487,1
7488,1
7489,1
7490,1
7491,1
7492,0
7493,1
7494,0
7495,1
7496,1
7497,0
7498,0
7499,1
7500,1
7501,1
7502,1
7503,0
7504,0
7505,1
7506,1
7507,1
7508,0
7509,1
7510,1
7511,1
7512,0
7513,1
7514,1
7515,0
7516,1
7517,1
7518,0
7519,1
7520,0
7521,1
7522,1
7523,1
7524,1
7525,1
7526,1
7527,1
7528,0
7529,1
7530,0
7531,1
7532,1
7533,0
7534,0
7535,1
7536,1
7537,1
7538,1
7539,0
7540,1
7541,0
7542,0
7543,0
7544,1
7545,1
7546,1
7547,1
7548,1
7549,0
7550,1
7551,1
7552,1
7553,1
7554,1
7555,0
7556,1
7557,1
7558,1
7559,1
7560,1
7561,0
7562,0
7563,1
7564,1
7565,1
7566,0
7567,1
7568,0
7569,0
7570,0
7571,1
7572,0
7573,1
7574,1
7575,1
7576,1
7577,1
7578,1
7579,1
7580,1
7581,1
7582,1
7583,1
7584,1
7585,0
7586,1
7587,1
7588,0
7589,0
7590,0
7591,0
7592,0
7593,1
7594,1
7595,0
7596,0
7597,0
7598,1
7599,1
7600,0
7601,0
7602,0
7603,0
7604,1
7605,0
7606,0
7607,1
7608,0
7609,1
7610,0
7611,0
7612,0
7613,0
7614,0
7615,1
7616,1
7617,0
7618,1
7619,0
7620,1
7621,0
7622,1
7623,0
7624,0
7625,1
7626,0
7627,0
7628,1
7629,1
7630,1
7631,1
7632,0
7633,1
7634,1
7635,1
7636,0
7637,1
7638,0
7639,1
7640,0
7641,0
7642,1
7643,1
7644,1
7645,1
7646,0
7647,1
7648,0
7649,1
7650,0
7651,1
7652,0
7653,0
7654,0
7655,1
7656,1
7657,0
7658,0
7659,0
7660,0
7661,1
7662,1
7663,1
7664,1
7665,1
7666,1
7667,1
7668,1
7669,1
7670,0
7671,0
7672,0
7673,0
7674,0
7675,0
7676,0
7677,1
7678,1
7679,1
7680,0
7681,1
7682,1
7683,0
7684,0
7685,1
7686,0
7687,0
7688,0
7689,0
7690,0
7691,0
7692,0
7693,0
7694,1
7695,0
7696,0
7697,0
7698,1
7699,0
7700,1
7701,0
7702,0
7703,0
7704,1
7705,0
7706,1
7707,1
7708,0
7709,1
7710,0
7711,1
7712,0
7713,1
7714,1
7715,1
7716,1
7717,0
7718,1
7719,0
7720,1
7721,0
7722,0
7723,1
7724,0
7725,1
7726,1
7727,1
7728,1
7729,1
7730,1
7731,1
7732,0
7733,0
7734,0
7735,1
7736,1
7737,0
7738,1
7739,0
7740,1
7741,1
7742,0
7743,0
7744,0
7745,1
7746,0
7747,1
7748,0
7749,1
7750,1
7751,0
7752,1
7753,0
7754,0
7755,1
7756,0
7757,1
7758,1
7759,1
7760,0
7761,0
7762,1
7763,1
7764,0
7765,1
7766,1
7767,0
7768,0
7769,1
7770,0
7771,1
7772,1
7773,0
7774,0
7775,1
7776,0
7777,0
7778,0
7779,1
7780,1
7781,0
7782,0
7783,0
7784,1
7785,0
7786,1
7787,0
7788,1
7789,0
7790,1
7791,1
7792,1
7793,1
7794,0
7795,1
7796,0
7797,0
7798,0
7799,1
7800,1
7801,1
7802,1
7803,0
7804,0
7805,0
7806,0
7807,0
7808,1
7809,1
7810,1
7811,0
7812,0
7813,1
7814,1
7815,1
7816,0
7817,1
7818,1
7819,0
7820,1
7821,1
7822,1
7823,0
7824,0
7825,0
7826,1
7827,1
7828,0
7829,0
7830,1
7831,0
7832,1
7833,0
7834,0
7835,1
7836,0
7837,1
7838,0
7839,1
7840,0
7841,0
7842,0
7843,1
7844,1
7845,1
7846,0
7847,0
7848,1
7849,1
7850,0
7851,1
7852,0
7853,1
7854,1
7855,0
7856,0
7857,1
7858,1
7859,1
7860,0
7861,1
7862,0
7863,1
7864,0
7865,0
7866,1
7867,1
7868,0
7869,0
7870,0
7871,1
7872,0
7873,1
7874,1
7875,1
7876,0
7877,0
7878,0
7879,1
7880,1
7881,1
7882,0
7883,1
7884,0
7885,1
7886,0
7887,1
7888,1
7889,1
7890,0
7891,1
7892,0
7893,0
7894,0
7895,1
7896,1
7897,0
7898,0
7899,0
7900,0
7901,1
7902,1
7903,0
7904,1
7905,0
7906,1
7907,0
7908,1
7909,0
7910,0
7911,1
7912,0
7913,0
7914,0
7915,0
7916,0
7917,1
7918,0
7919,1
7920,0
7921,0
7922,0
7923,1
7924,1
7925,0
7926,0
7927,0
7928,0
7929,0
7930,1
7931,1
7932,0
7933,1
7934,1
7935,1
7936,1
7937,1
7938,1
7939,0
7940,1
7941,0
7942,1
7943,0
7944,1
7945,0
7946,0
7947,0
7948,0
7949,1
7950,1
7951,0
7952,1
7953,0
7954,0
7955,1
7956,1
7957,1
7958,1
7959,0
7960,1
7961,1
7962,1
7963,0
7964,0
7965,1
7966,1
7967,1
7968,1
7969,0
7970,0
7971,1
7972,1
7973,1
7974,0
7975,1
7976,1
7977,0
7978,0
7979,1
7980,0
7981,0
7982,0
7983,0
7984,1
7985,0
7986,1
7987,1
7988,1
7989,0
7990,1
7991,0
7992,0
7993,1
7994,0
7995,0
7996,1
7997,1
7998,1
7999,1
8000,1
8001,0
8002,1
8003,0
8004,1
8005,1
8006,0
8007,0
8008,1
8009,1
8010,1
8011,1
8012,1
8013,1
8014,1
8015,0
8016,1
8017,0
8018,1
8019,0
8020,1
8021,0
8022,1
8023,1
8024,0
8025,1
8026,1
8027,1
8028,0
8029,0
8030,0
8031,1
8032,0
8033,1
8034,0
8035,1
8036,0
8037,1
8038,0
8039,1
8040,0
8041,0
8042,0
8043,1
8044,1
8045,1
8046,0
8047,0
8048,0
8049,1
8050,0
8051,1
8052,1
8053,0
8054,0
8055,1
8056,1
8057,0
8058,0
8059,0
8060,0
8061,1
8062,0
8063,1
8064,0
8065,1
8066,0
8067,1
8068,0
8069,0
8070,0
8071,1
8072,1
8073,1
8074,1
8075,0
8076,1
8077,1
8078,1
8079,0
8080,0
8081,1
8082,1
8083,1
8084,0
8085,0
8086,0
8087,0
8088,0
8089,0
8090,1
8091,0
8092,0
8093,1
8094,1
8095,1
8096,1
8097,1
8098,1
8099,1
8100,1
8101,0
8102,1
8103,0
8104,1
8105,1
8106,1
8107,1
8108,1
8109,0
8110,0
8111,0
8112,1
8113,1
8114,0
8115,0
8116,1
8117,0
8118,0
8119,1
8120,1
8121,1
8122,0
8123,0
8124,0
8125,1
8126,1
8127,1
8128,1
8129,1
8130,0
8131,0
8132,0
8133,1
8134,0
8135,0
8136,1
8137,1
8138,0
8139,0
8140,0
8141,0
8142,1
8143,0
8144,1
8145,0
8146,0
8147,0
8148,0
8149,1
8150,0
8151,0
8152,1
8153,1
8154,0
8155,1
8156,0
8157,0
8158,0
8159,0
8160,0
8161,0
8162,1
8163,1
8164,1
8165,0
8166,0
8167,1
8168,1
